naziv,kategorija
Kospel bojler EPO 2-6.2,bela-tehnika
Dr. Beckmann Magic leaves color (roze),bela-tehnika
Pobeda poklopac za mikrotalasnu,bela-tehnika
Tesla mikrotalasna rerna MW203,bela-tehnika
Xavax poklopac za mikrotalasnu 26cm,bela-tehnika
MIELE Aspirator DAS 4631 OBSW 125 Edition,bela-tehnika
Dr. BECKMANN čistač frižidera 250 ml,bela-tehnika
"Max kabl 5x2,5 mm  PP/J 2met. M-T CRNI",bela-tehnika
Cecotec mašina za pranje posuđa AQUAZERO 4201E S2782,bela-tehnika
Union mini šporet UN42-B,bela-tehnika
Samsung filter HAFEX/EXP,bela-tehnika
ROBOROCK usisivač Qrevo Curv WH,kucni-aparati
Ninja aparat za sladoled NC501EU,kucni-aparati
Dafi classic filter patrona Protect+ 2 kom,kucni-aparati
Dafi filter patrona Classic 4 kom N,kucni-aparati
CECOTEC kuhinjska vaga,kucni-aparati
KITCHENAID Toster KA5KMT2204EAC,kucni-aparati
Aeno električni roštilj EG2,kucni-aparati
Ninja aparat za kuvanje MC1001EU,kucni-aparati
Ninja friteza AF100EU,kucni-aparati
Ninja pica peć Woodfire 8 u 1 OO101EU,kucni-aparati
CECOTEC kuhinjska vaga Cook Control 10400 Smart,kucni-aparati
Rosberg vaga OV51651KD,kucni-aparati
Aeno vaga KS1S,kucni-aparati
Terraillon vaga Trad 500 Pop Cream TR14475,kucni-aparati
Terraillon vaga Classic Black TR13528,kucni-aparati
DAFI PDP Filter patrona Protect+ 3 kom,kucni-aparati
DAFI PDP Filter patrona Protect+,kucni-aparati
Dafi PDC2 Filter patrona Classic 3 kom,kucni-aparati
Dafi PDC2 Filter patrona Classic 2 kom,kucni-aparati
Dafi PDC filter patrona Classic,kucni-aparati
"Dafi bokal za filtriranje vode Crystal LED 2,0L bela",kucni-aparati
"Dafi bokal za filtriranje vode Luna 3,3L siva",kucni-aparati
"Dafi bokal za filtriranje vode Luna 3,3L bela",kucni-aparati
"Dafi bokal za filtriranje vode Astra 3,0L plava",kucni-aparati
"Dafi bokal za filtriranje vode Astra 3,0L bela",kucni-aparati
"Dafi bokal za filtriranje vode Atria 2,4L crvena",kucni-aparati
"Dafi bokal za filtriranje vode Atria 2,4L grafit",kucni-aparati
Brita filter za bokal MAXTRA PRO CU ROWO ALL IN 1 PACK2,kucni-aparati
Brita filter za bokal MAXTRA PRO CU ROW Limescale PACK2,kucni-aparati
Brita bokal za filtriranje vode 2.5 ONE LED 4W MX PRO GLASS JUG,kucni-aparati
"Brita bokal Style XL 3,6l",kucni-aparati
Brita bokal Style 2.4l plavi,kucni-aparati
"Brita tank za filtriranje vode Flow 8,2 l",kucni-aparati
Brita bokal za filtriranje vode Fill&Enjoy Marella XL White,kucni-aparati
"Brita bokal za filtriranje vode Fill&Enjoy Marella Cool White 2,4 l",kucni-aparati
Akvafor filter za bokal V100-25 B25Mg plus 14258,kucni-aparati
Akvafor filter bokal Ideal višnja,kucni-aparati
Akvafor filter za bokal V100-25 Maxfor komplet 3 kom,kucni-aparati
AQUAPHOR komplet od 3 filtera za bokal V100-25 Mg plus,kucni-aparati
"Dafi bokal Start 2,4L beli",kucni-aparati
"Dafi bokal za filtriranje vode Atria 2,4L plava",kucni-aparati
"Dafi bokal za filtriranje vode Crystal LED 2,0L bela",kucni-aparati
Ninja aparat za sladoled NC300EU,kucni-aparati
CECOTEC aparat za vakuumiranje Seal Vac Easy Magnetic,kucni-aparati
Cecotec rolne 20x600 - 2 rolne,kucni-aparati
CECOTEC dehidrator VitaDry Pro dehidrator,kucni-aparati
CECOTEC vakuum kese u rolni SealVac 140 steelcut,kucni-aparati
Aeno aparat za vakuumiranje i zavarivanje VS1,kucni-aparati
Aeno aparat za vakuumiranje i zavarivanje VS2,kucni-aparati
ROBOROCK usisivač Qrevo S WH,kucni-aparati
Roborock usisivač S8 BK,kucni-aparati
Roborock usisivač S8 WH,kucni-aparati
Roborock usisivač Q8 Max+ BK,kucni-aparati
Roborock usisivač Q8 Max+ WH,kucni-aparati
Roborock usisivač Q8 Max BK,kucni-aparati
Roborock usisivač Q8 Max WH,kucni-aparati
Roborock usisivač Q5 Pro+,kucni-aparati
Roborock usisivač Q5 Pro,kucni-aparati
Mamibot usisivač EXVAC700,kucni-aparati
Mamibot usisivač FLOMO LITE,kucni-aparati
SHARK Štapni usisivač IZ420EUT,kucni-aparati
Shark usisivač WV270EU,kucni-aparati
Shark usisivač WV200EU,kucni-aparati
GORENJE frižider NRS 9182 VXB1,bela-tehnika
Gorenje frižider NRK 6202 AXL4,bela-tehnika
Gorenje frižider NRK 6202 AW4,bela-tehnika
Samsung frižider RB38C600ES9/EK,bela-tehnika
Samsung frižider RS68CG885DB1EF,bela-tehnika
Samsung frižider RZ32C76CE22,bela-tehnika
Samsung frižider RS65DG54M3SLEO,bela-tehnika
Samsung frižider RB50DG602ES9EO,bela-tehnika
Samsung frižider RB38C7B5C22/EF,bela-tehnika
Samsung frižider RS65DG5403S9EO,bela-tehnika
Samsung frižider RS65DG5403B1EO,bela-tehnika
Samsung frižider RF48A401EM9/EO,bela-tehnika
Samsung frižider RB34C672ES9/EK,bela-tehnika
Samsung frižider RB34C672EWW/EK,bela-tehnika
Samsung frižider RB34C602ES9/EK,bela-tehnika
Samsung frižider BRB26703EWW/EF,bela-tehnika
Samsung frižider RB34C7B5DS9/EF,bela-tehnika
SAMSUNG samostojeći kombinovani frižider RB38C650ESA/EK,bela-tehnika
Samsung frižider RB34C7B5E12/EF,bela-tehnika
Samsung frižider RB34C7B5E22/EF,bela-tehnika
Samsung frižider RB38C650EB1/EK,bela-tehnika
Samsung frižider RB34C652ESA/EK,bela-tehnika
Samsung frižider RB34C652EB1/EK,bela-tehnika
Cecotec mašina za pranje posuđa BOLERO AQUAZERO 2500 S100640 bela,bela-tehnika
Cecotec mašina za pranje posuđa BOLERO AQUAZERO 2400 S100639 bela,bela-tehnika
Cecotec mašina za pranje posuđa BOLERO AQUAZERO 2500 S100467 crna,bela-tehnika
Cecotec mašina za pranje posuđa BOLERO AQUAZERO 2400 S100466 crna,bela-tehnika
Dr. Beckmann čistač sudomašina doypac,bela-tehnika
Dr. Beckmann čistac sudomašina P+M,bela-tehnika
Miele mašina za pranje posuđa G 5540 Sci ED,bela-tehnika
Miele mašina za pranje posuđa G 7130 SCi CS,bela-tehnika
MIELE mašina za pranje sudova G 7130 SC,bela-tehnika
MIELE mašina za pranje sudova G 7130 SC,bela-tehnika
Miele mašina za pranje posuđa G5110 SC BRWS,bela-tehnika
Miele ugradna mašina za pranje posuđa G 5350 SCVi,bela-tehnika
Miele ugradna mašina za pranje posuđa G 7160 SCVi,bela-tehnika
"MIELE sredstvo za održavanje sudomašine , 160g",bela-tehnika
Miele mašina za pranje posuđa G 5210 SC ED,bela-tehnika
Miele mašina za pranje posuđa G 7310 SC BW,bela-tehnika
Miele ugradna mašina za pranje posuđa G7310SCi AutoDos BRWS,bela-tehnika
Tesla mašina za pranje posuđa WD661MX,bela-tehnika
"Max kabl 5x2,5 mm  PP/J 1,5met. M-T CRNI",bela-tehnika
"Max kabl 3x2,5mm PP/J 2 met. M-T CRNI",bela-tehnika
"Max kabl 3x2,5mm PP/J 1,5 met. M-T CRNI",bela-tehnika
Dr. Beckmann čistač ravnih ploča šporeta,bela-tehnika
Dr. Beckmann nožić za ravne ploče,bela-tehnika
"Dr. Beckmann čistač inoxa, hroma i aluminijuma",bela-tehnika
"Čistač rerni i grila, 375 ml, Dr.Beckmann",bela-tehnika
Mitea aling utikač L308 beli,bela-tehnika
"Mitea kabl za šporet PP/J 5 x 2,5 2 M",bela-tehnika
Dr. Beckmann apsorber mirisa Magic Freeze,bela-tehnika
"Čistač frižidera, 250 ml, Dr.Beckmann",bela-tehnika
Antartika patrone za ručni frižider Ice cartridge - Piknik,bela-tehnika
Liebherr zamrzivač FNe 4605 - Pure Line,bela-tehnika
Liebherr zamrzivač Fe 1404 Pure Line,bela-tehnika
Liebherr fioka za vinski pribor LI0601013,bela-tehnika
Miele aspirator DAS 4630 11862200,bela-tehnika
Miele aspirator DAS 2620,bela-tehnika
Miele aspirator DA 396-7  EDST,bela-tehnika
Miele aspirator DA 2360,bela-tehnika
Franke aspirator IT FMA 805 WH,bela-tehnika
FRANKE aspirator IT FDF 9357 XS,bela-tehnika
FRANKE aspirator IT FDF 6357 XS,bela-tehnika
Franke aspirator FTC 612 XS,bela-tehnika
Tesla aspirator DC600SX,bela-tehnika
Tesla aspirator DT620SX,bela-tehnika
Tesla aspirator DB600SB,bela-tehnika
Tesla aspirator DB600SW,bela-tehnika
Tesla aspirator DB600SX,bela-tehnika
Tesla aspirator DD600SB,bela-tehnika
Elica aspirator BOXIN LX/BL MAT/A/60,bela-tehnika
Elica aspirator ADELE BL MAT/A/90,bela-tehnika
Elica aspirator MISSY BL/A/60,bela-tehnika
Elica aspirator Missy BL/A/90,bela-tehnika
Elica aspirator ERA BL/A/52,bela-tehnika
Elica aspirator ERA BL A/72,bela-tehnika
Electrolux mikrotalasna rerna EMZ725MMTI,bela-tehnika
Electrolux mikrotalasna rerna EMZ725MMK,bela-tehnika
Electrolux mikrotalasna rerna EMZ421MMW,bela-tehnika
Electrolux ugradna mikrotalasna rerna LMS2203EMX,bela-tehnika
Vivax mikrotalasna rerna MWO-2079 BG,bela-tehnika
Vivax mikrotalasna rerna MWO-2070 BL,bela-tehnika
Vivax mikrotalasna pećnica MWO-2077,bela-tehnika
Vivax mikrotalasna rerna MWO-2078,bela-tehnika
VOX mikrotalasna rerna M24,bela-tehnika
VOX ugradna mikrotalasna IMWHGD203B,bela-tehnika
VOX mikrotalasna rerna MD40B,bela-tehnika
VOX mikrotalasna rerna MD40,bela-tehnika
VOX mikrotalasna rerna M32S,bela-tehnika
VOX mikrotalasna rerna M30B,bela-tehnika
VOX mikrotalasna rerna M32G,bela-tehnika
VOX mikrotalasna rerna M32Y,bela-tehnika
VOX mikrotalasna rerna M32B,bela-tehnika
VOX mikrotalasna rerna MD35B,bela-tehnika
VOX mikrotalasna rerna MD35W,bela-tehnika
VOX mikrotalasna rerna MD30B,bela-tehnika
VOX mikrotalasna rerna MD25,bela-tehnika
VOX mikrotalasna rerna M32,bela-tehnika
VOX mikrotalasna rerna M30,bela-tehnika
VOX ugradna mikrotalasna pećnica IMWH-GD202IX,bela-tehnika
Hisense Mikrotalasna pećnica H 20 MOMCP1H,bela-tehnika
Hisense mikrotalasna rerna H 23 MOBSD1HG,bela-tehnika
Hisense mikrotalasna rerna H 20 MOBSD1H,bela-tehnika
